Id;Nom;Ville;RNE;Code;Ponctuel
1;Lycee Turgot;Paris;0750647W;TUR;
2;Ecole Nationale de Commerce;Paris;0750707L;ENC;
3;SCRIB;Paris;075130SA;SCRI;
4;FORMACIF;Paris;075155ST;FORM;
5;ESTM;Paris;075166SN;ESTM;
6;Lycee Louis Armand;Paris;0751708Z;LAP;
7;ESIC;Paris;075187SW;ESIC;
8;RISE;Paris;075302SW;RISE;
9;ETS-IRIS;Paris;0753082T;ETS;
10;GRETA Paris Centre;Paris;0753107V;GT75;
11;Medicis Alternance;Paris;075318SK;MED;
12;AKOR Alternance;Paris;075322SV;AKOR;
13;BERCY Institute - Paris;Paris;075332SG;BERC;
14;Lycee BETH SEFER;Paris;0753372H;SEFE;x
15;IMCP Paris;Paris;0756241B;IMCP;x
16;EFFICOM;Paris;0753504B;EFFI;
17;ICOGES Paris;Paris;0753516P;ICOG;
18;Institut Point Com Paris 14;Paris;075371SW;IPC;
19;Le Rebours;Paris;0754042L;REB;
20;Lycee Prive Charles de Foucauld;Paris;0754086J;FOUC;
21;ITIC;Paris;0754440U;ITIC;x
22;CFA CERFAL;Paris;0754458N;CERF;x
23;INFOSUP;Paris;075456SK;INFUP;
24;CFA SACEF;Paris;0754679D;SACE;x
25;CFA IMC;Paris;0755197S;IMC;x
26;IFOPI;Paris;0755262M;IFOPI;
27;INEE;Paris;0755277D;INEE;
28;ESCEMI;Paris;075627SX;ESC;
29;OFI ONE;Paris;075878SE;OFI;
30;CEFP;Paris;0759309L;CEFP;
31;ISEFAC;Paris;0759330J;ISEF;
32;Lycee Leonard de Vinci;Melun;0770934X;MEL;
33;Lycee Saint-Aspais;Melun;0771238C;STAS;
34;GRETA MTE 77 Melun;Melun;0772065B;GTS77;
35;lycee Rene Descartes;Champs sur Marne;0772223Y;CHAM;x
36;UTEC;Emerainville;0772320D;UTEC;
37;POLYTHEIG;;0772349K;POLY;
38;COGEFI Formation;Champs sur Marne;077307SF;COGE;
39;Greta Tertiaire Nord;Torcy;0779302T;GTN77;
40;Lycee Jean Vilar;Plaisir;0780582J;PLAI;
41;Lycee Jules Ferry;Conflans;0781845G;CONF;
42;H3C Campus Poissy;Saint Germain (78);0781858W;H3C;x
43;Lycee Geoffroy Saint Hilaire;Etampes;0910622G;LAN;x
44;Lycee Parc de Vilgenis;Massy;0910727W;MAS;
45;Gustave Eiffel;Chilly Mazarin;0912140G;EIFF;
46;Lycee Parc des Loges;Evry;0911251R;EVRY;
47;GRETA Vilgenis;Massy;0911768C;GT91;
48;ITIS;Evry;0911864G;ITIS;x
49;CFA Faculté des métiers;Massy;0912263R;FDM;x
50;ISCIO Orsay;;0919303T;ISCIO;
51;Lycee Paul Lapie;Courbevoie;0920138A;COUR;
52;Lycee Saint Gabriel;Bagneux;0920894X;GAB;
53;Lycee Prive SUGER;Vaucresson;0920937U;SUG;
54;AFORP;Issy Les Moulineaux;0921274K;AFOR;x
55;Lycee Prive Montalembert;Courbevoie;0921484N;MONT;
56;EPSI;Levallois;0922467G;EPSI;x
57;GRETA lycee Richelieu;Rueil-Malmaison;092901SF;RICH;
58;Lycee Voillaume;Aulnay;0930834B;AULN;
59;Lycee Louise Michel;Bobigny;0931613Y;BOB;
60;Lycee Technologique ORT;Montreuil;0931796X;ORT;
61;ECTEI;Paris;0755560L;ECTE;
62;Lycee Louis Armand Nogent;Nogent;0940118T;LANOLD;
63;Lycee Maximilien Sorre;Cachan;0940580V;SOR;
64;Lycee Prive St Michel St Mande;Saint Mandé;0940882Y;STMI;
65;GRETA Tertiaire 94;;094306SY;GT94;
66;ITIN Cergy;Cergy;095000SH;ITIN;
67;Lycee René Cassin;Gonesse;0950646L;GONE;
68;Lycee JJ Rousseau;Montmorancy;0950648N;ROUS;
69;Lycee de l'Hautil;Jouy le moutier;0951824S;HAUT;
70;IFCP;St Ouen L'aumone;0952242W;IFCP;x
71;Centre JP THOMAS;Gonesse;095903SK;JPT;
72;INSTA Paris;Paris;0755931P;INST;x
73;CFA INSTA;Paris;0755432X;CINST;x
74;MEDIANET;Paris;0755472R;MEDIA;
75;UFA PARC DE VILGENIS;;0911708M;CGILG;
76;CFA EVE;Evry;0912119J;CEVE;x
77;Lycée René Auffray;Clichy;0922149L;LRA;
78;EDUCATEL Créteil;;094201SK;EDU94;
79;EDUCATEL PARIS;Paris;075201ST;EDU75;
80;CFI Ecole Connectée Montigny;St Quentin;0781809T;DLOR;
81;RISE St Quentin;St Quentin;078188SS;RISE78;
82;GRETA de la Defense;Reuil Malmaison;0929303M;GT92;
83;Lycee Jacques Prevert;Combs la Ville;0771997C;COMBS;x
84;GEFOR;Paris;0755119G;GEFO;x
85;OIIO;Paris;075345SV;OIIO;
86;CNFP;Paris;075888SS;CNFP;
87;EFICOM;Montrouge;0922698H;EFIC;
88;RISE Défense;La Défense;092781SM;RISED;
89;IP Formation;Paris;075712SL;IPF;
90;CECI;Paris;0759312P;CECI;
91;Antiope Formation;;0780503Y;ANTIO;
92;GRETA Des Yvelines;;0783557T;GTYVE;
93;ENSUP CGSAT;Montigny le Bretonneux;0783545E;CGS;x
94;GRETA de Maupassant;;0921971T;GTMAU;
95;HITEMA;Issy Les Moulineaux;0922614S;HITE;x
96;GRETA Tertiaire Nord 93;;0939901G;GTN93;
97;IEFII;Vincennes;0942169X;IEFII;x
98;Lycee Robert Schuman;Dugny;0932618R;LRS;
99;UNIGRAM;Paris;075141SW;UNI;
100;ISMI;Paris;0755577E;ISMI;x
101;IRIS;Paris;0755748R;IRIS;x
102;CFA ACE;PARIS;0754674Y;ACE;
103;Lycée Paul Bert;Maison Alfort;0941355M;LPB;x
104;Ecole SORNAS;Paris;0754101A;SORN;x
105;IPSSI;Paris;0755724P;IPSS;x
106;Centre Form Gest Conseil;Paris;0755828C;CFGC;
107;IFCV;Levallois Perret;0922730T;IFCV;
108;GECCEL;Garges Les Gonnesses;0958140G;GEC;
109;ESIGETEL;Villejuif;0942341J;ESIG;
110;SCHOLA NOVA;Paris;0756002S;SCHN;x
111;EFREI;Villejuif;0941934S;EFRE;x
112;INGETIS Paris;Paris;0755934T;INGT;x
113;Auguste Blanqui;St Ouen;0930126G;ABSO;
114;ZA MA Creteil;creteil;09401RER;ZAMA;
115;PROGRESS SUP PARIS;;0755203Y;PSP;
116;PROTECTORAT Saint Joseph;;0931026K;PSJ;
117;ALBERT DE MUN;;0940880W;ADM;
118;CARCADO SAISSEVAL PARIS;;0754029X;CSP;
119;JEAN LURCAT;;0753268V;JLPP;
120;EMMANUEL MOUNIER;;0920135X;EMCM;
121;Cours Privé Diderot Paris 11;Paris;0755559K;DID;x
122;UFA Valentin HAUY 75;Paris;0755311R;VAL;
123;ELITECH-PARIS;Paris;0756027U;ELI;
124;Educatel 77;;077203SB;ED77;x
125;Educatel Essone;;091201SY;EDU91;
126;APEP SUP;Paris;0755775V;APEP;x
127;France For Paris;Paris;075205SC;FFP;
128;Elyon Company;;0922873Y;ELYC;x
129;Lycée Fénelon Sup La Pleine Monceau;Paris;0754037F;LFS;x
130;Ecole Santé et Juridique;;0922856E;ESJ;x
131;IMIE Paris;;0922863M;IMIP;x
132;ENSUP CERGY;Cergy;9500024;ENSUPC;
133;INSTA;Paris;0755294X;INSTA;x
134;ADG;Paris;0755827B;ADG;x
135;CFA AFORP FORMATION;;0932760V;AFF;x
136;CFA ISW EDUCATION;;0756351W;ISW;x
137;EMSCA;Bussy St Georges;0772893B;EMSC;x
138;EUROFORMA;Paris;0756015F;EURO;x
