Id;Nom;Prenom;Email;Ville;RNE;Specialite
1;Escande;Catherine;escande.catherine@planexam.com;Paris;0920138A;SISR
2;Rivoal;Eric;rivoal.eric@planexam.com;Melun;0920894X;SISR
3;Galais;Jean-Baptiste;galais.jean-baptiste@planexam.com;Champs-sur-Marne;0920937U;SISR
4;Masse;Mehdi;masse.mehdi@planexam.com;Emerainville;0921274K;SLAM
5;Laville;Justine;laville.justine@planexam.com;;0921484N;SLAM
6;Mazet;Noé;mazet.noe@planexam.com;Champs-sur-Marne;0922467G;SISR
7;Frouin;Kamel;frouin.kamel@planexam.com;Torcy;092901SF;SLAM
8;Salle;Paul;salle.paul@planexam.com;Plaisir;0930834B;SLAM
9;Bureau;Juliette;bureau.juliette@planexam.com;Conflans;0931613Y;SISR
10;Huard;Sohan;huard.sohan@planexam.com;Saint-Germain;0931796X;SLAM
11;Giraud;Alicia;giraud.alicia@planexam.com;Etampes;0755560L;SLAM
12;Godart;Maya;godart.maya@planexam.com;;0940118T;SISR
13;Chollet;Adèle;chollet.adele@planexam.com;Evry;0940580V;SLAM
14;Blain;Rose;blain.rose@planexam.com;Massy;0940882Y;SISR
15;Burg;Gabrielle;burg.gabrielle@planexam.com;Courbevoie;094306SY;SI
16;Yahi;Kathleen;yahi.kathleen@planexam.com;Bagneux;095000SH;SISR
17;France;Guilhem;france.guilhem@planexam.com;Vaucresson;0950646L;SISR
18;Triquet;Gérard;triquet.gerard@planexam.com;Issy-Les-Moulineaux;0950648N;SISR
19;Hammer;Elie;hammer.elie@planexam.com;Courbevoie;0951824S;Français
20;Arzilliere;Roger;arzillere.roger@planexam.com;Paris;0952242W;EDM
21;Costard;Marie-Claire;costard.marie-claire@planexam.com;Courbevoie;095903SK;SISR
22;Pinto;Jules;pinto.jules@planexam.com;Levallois;0755931P;SISR
23;Lange;Lila;lange.lisa@planexam.com;Rueil-Malmaison;0755432X;SISR
24;Feron;Faustine;feron.faustine@planexam.com;Aulnay;0755472R;SLAM
25;Rousseaux;Sohan;rousseaux.sohan@planexam.com;Bobigny;0911708M;SLAM
26;Nicolle;Ayoub;nicolle.ayoub@planexam.com;Montreuil;0912119J;SI
27;Ferry;Clément;ferry.clement@planexam.com;Paris;0922149L;Français
28;Sassi;Kenzo;sassi.kenzo@planexam.com;Nogent;094201SK;SISR
29;Peron;Raphael;peron.raphael@planexam.com;Cachan;075201ST;SLAM
30;Langlois;Jean;langlois.jean@planexam.com;Saint-Mandé;0781809T;SLAM
31;Postec;Laurent;postec.laurent@planexam.com;Paris;0750647W;SISR
32;Lafitte;Tristan;lafitte.tristan@planexam.com;Cergy;0770934X;SLAM
33;Cornuault;Amélie;cornuault.amelie@planexam.com;;0772223Y;SISR
34;Deloison;Déborah;deloison.deborah@planexam.com;Montmorancy;0772320D;SISR
35;Boulanger;Ludwig;boulanger.ludwig@planexam.com;Paris;0772349K;SI
36;Manas;Virginie;manas.virginie@planexam.com;St-Ouen;077307SF;SISR
37;Boulot;Amine;boulot.amine@planexam.com;Gonesse;0779302T;SISR
38;Mestre;Nolwenn;mestre.nolwenn@planexam.com;Paris;0780582J;SLAM
39;Vicente;Ilyes;vicente.ilyes@planexam.com;Clichy;0781845G;SISR
40;Boulineau;Wilfrid;boulineau.wilfrid@planexam.com;Créteil;0781858W;SLAM
41;Evrard;Milan;evrard.milan@planexam.com;Paris;0910622G;SISR
42;Renault;Manon;renault.manon@planexam.com;St-Quentin;0910727W;SISR
43;Morvan;Kylian;morvan.kylian@planexam.com;Créteil;0911251R;SISR
44;Caumartin;Sofiane;caumartin.sofiane@planexam.com;Reuil-Malmaison;0911768C;EDM
45;Prevost;Louis;prevost.louis@planexam.com;Combs-la-Ville;0920138A;SLAM
46;Guyard;Oscar;guyard.oscar@planexam.com;Paris;0920894X;SLAM
47;Leprince;Kenzo;leprince.kenzo@planexam.com;Paris;0920937U;SISR
48;Lagarde;Ethan;lagarde.ethan@planexam.com;Paris;0921274K;SISR
49;Vigier;Célia;vigier.celia@planexam.com;Montrouge;0921484N;SLAM
50;Goupil;Océane;goupil.oceane@planexam.com;Paris;0931613Y;SI
